ID,SampleName,GeothermalField,Location,Country,Reference,Temperature,Li,Na,K,Mg,Ca,Cl,SO4,HCO3
26,Well-3,,Urridavatn,Islandia,"Arnorsson, et.al., 1983 II",59,,63.4,0.85,0.008,4.92,42.2,47.5,
28,Well-10,,Saelingsdálur,Islandia,"Arnorsson, et.al., 1983 II",63,,48.7,0.93,0.002,3.24,10.6,53.5,
423,Hlemmiskeid 1,,,Islandia,"Nieva y Nieva, 1987",63,,154.7,3.7,0.05,14.8,,,
30,Well-6,,Lysuhóll,Islandia,"Arnorsson, et.al., 1983 II",63,,485.8,36.5,20.84,79.9,69.5,43.1,
24,Well-4,,Tjarnir,Islandia,"Arnorsson, et.al., 1983 II",67,,51.5,1.26,0.002,2.36,18.8,34.3,
21,Well-3,,Olafsfjordur,Islandia,"Arnorsson, et.al., 1983 II",67,,37,0.61,0.032,2.39,9.6,8,
25,Well-2,,Laugar,Islandia,"Arnorsson, et.al., 1983 II",67,,47.4,0.55,0.049,1.96,4.7,13.9,
5,Well-4,,Húsatóttir,Islandia,"Arnorsson, et.al., 1983 II",68,,136.1,2.88,0.048,11.3,171.7,67.6,
432,"Reykir, Skeid 1",,,Islandia,"Nieva y Nieva, 1987",69,,96.2,2.3,0.03,8.2,,,
424,Husatottir 3,,,Islandia,"Nieva y Nieva, 1987",70,,138.9,5.2,0.04,10.2,,,
402,Y10,,Yellowstone Park,EU,"Fournier y Potter, 1979",70,,161,69,80,455,,,
17,Well-1,,Reykir Reykjabraut,Islandia,"Arnorsson, et.al., 1983 II",72,,61.9,2.14,0.056,2.56,7.6,58,
418,Brautarholt 1,,,Islandia,"Nieva y Nieva, 1987",72,,149,3.2,0.07,17.6,,,
431,Leira,,,Islandia,"Nieva y Nieva, 1987",74,,196,4.2,2.4,54,,,
7,Well-17,,Reykir,Islandia,"Arnorsson, et.al., 1983 II",75,,34,0.74,0.079,2.34,14.2,12.7,
88,Well-13,,Selfoss,Islandia,"Stefáns. y Arnórs., 2000",75,,159,3.66,0.079,31.1,235.2,59.1,
20,Well-7,,Siglurjordur,Islandia,"Arnorsson, et.al., 1983 II",79,,43,0.82,0.064,1.56,9.6,10.9,
435,Selfoss 8,,,Islandia,"Nieva y Nieva, 1987",79,,172,5.1,0.1,31.4,,,
399,31-18Q,,Kettleman Hills,EU,"Fournier y Potter, 1979",82,,13200,88.4,206,797,,,
436,Seltjarnarnes S-11,,,Islandia,"Nieva y Nieva, 1987",83,,271.5,5.9,0.04,60.8,,,
434,Selfoss 7,,,Islandia,"Nieva y Nieva, 1987",84,,166,4.8,0.07,28.3,,,
8,Well-5,,Reykir,Islandia,"Arnorsson, et.al., 1983 II",85,,42.1,1.08,0.06,2.08,10.5,17.1,
3,Well-1,,Arbaer,Islandia,"Arnorsson, et.al., 1983 II",86,,62.6,1.62,0.042,1.54,24,28.2,
384,Cen. Miss.25,,Mississippi ,EU,"Fournier y Potter, 1979",86,,40100,333,582,4140,,,
4,Well-9,,Selfoss,Islandia,"Arnorsson, et.al., 1983 II",90,,159.6,4.58,0.15,30.3,246.7,53.5,
6,Well-4,,Laugaland,Islandia,"Arnorsson, et.al., 1983 II",92,,93.7,1.75,0.026,4.56,57.5,90,
18,Well-1,,Varmahlid,Islandia,"Arnorsson, et.al., 1983 II",92,,72.5,2.32,0.05,1.62,25.6,45.9,
9,Well-30,,Reykjavik,Islandia,"Arnorsson, et.al., 1983 II",93,,41.6,1.71,0.075,2.03,18.4,13.6,
425,Husavik,,,Islandia,"Nieva y Nieva, 1987",94,,1110,31.4,0.3,252,,,
78,Bernand #6,,,,"Palandri & Reed, 2001",94,,16250,140,70,380,24000,43,361
248,272,,"Klamath Falls, OR",EU,"Kharaka y Mariner, 1989",95,0.38,230,7.4,0.05,35,,,
416,Arbaer 1,,,Islandia,"Nieva y Nieva, 1987",96,,68.2,1.4,0.05,1.9,,,
16,Well-1,,Laugarbakkar,Islandia,"Arnorsson, et.al., 1983 II",96,,141.4,4.2,0.07,23.7,139.5,144.9,
23,Well-7,,Laugaland,Islandia,"Arnorsson, et.al., 1983 II",97,,51,1.46,0.064,2.88,11.3,38.9,
400,66-7Q,,Kettleman Hills,EU,"Fournier y Potter, 1979",97,,13800,149,88,1700,,,
421,Hellisholt 1,,,Islandia,"Nieva y Nieva, 1987",99,,69.3,1.9,0.18,3.4,,,
401,61-33J,,Kettleman Hills,EU,"Fournier y Potter, 1979",99,,7780,97,18.4,5030,,,
605,88-13,,Reykjadalur,Turquía,"Arnórsson, 1995 II",100,,79,2.02,0.002,1.69,24.8,52.2,
407,889,,Rotorua field,Nueva Zelanda,"Giggenbach y Glover, 1992",100,3.6,1190,145,0.03,19,1865,11,50
410,280,,Rotorua field,Nueva Zelanda,"Giggenbach y Glover, 1992",100,3.3,933,126,0.04,3.1,1369,12,210
420,Fludir 4,,,Islandia,"Nieva y Nieva, 1987",100,,74.5,2.7,0.06,0.7,,,
526,SK-2,,San Kampaeng,Tailandia,"Praserdvigai, 1986",100,,151,14.5,0.12,0.7,,40,278
404,680,,Rotorua field,Nueva Zelanda,"Giggenbach y Glover, 1992",100,2.6,532,48,0.12,16,475,60,352
460,Wayang windu W13,,,Indonesia,"Mahon,  2000",100,33,11250,3060,0.6,885,22160,75,
530,GW-5,,Puga,India,"Moon & Dharam, 1988",100,6.3,510,80,1,14,443,133,909
459,Salak W12,,,Indonesia,"Mahon,  2000",100,12.4,3675,876,1,268,6810,20,
533,GW-11,,Puga,India,"Moon & Dharam, 1988",100,6.4,580,60,1.3,4.3,443,119,669
458,Darajat W11,,,Indonesia,"Mahon,  2000",100,1.4,1460,44,4.9,22.5,220,685,
367,Varosliger,,,Hungria,"Fournier y Potter, 1979",100,,170,16,35.5,160,,,
412,Geot. well (target: N1S1),,Nisyros,Grecia,"Kavouridis, et.al., 1999",100,,25290,4300,1950,17640,81500,149,134
457,Kamojang W10,,,Indonesia,"Mahon,  2000",100,0.75,100,10,,,2,290,
397,47-28J,,Kettleman Hills,EU,"Fournier y Potter, 1979",101,,6240,79.4,8,1780,,,
419,Ellidaar G-23,,,Islandia,"Nieva y Nieva, 1987",102,,68.5,3.4,0.03,4.4,,,
713,BGRL(300m),,Beppu Kyushu,Japón,"Kühn, 2004",102,,229,17.9,6.1,5.8,64.6,85,487
81,Old #2,,"Chocolate Bayout, TX",EU,"Palandri & Reed, 2001",102,,14000,90,35,160,19600,59,632
375,Cen. Miss.6,,Mississippi ,EU,"Fournier y Potter, 1979",102,,52400,551,1360,16800,,,
79,Banfield #1,,"Chocolate Bayout, TX",EU,"Palandri & Reed, 2001",103,3.7,16500,120,30,130,23800,25,582
247,18-g-111-80,,"Calistoga, CA",EU,"Murray et al, 1985",104,2.09,205,9,0.5,6,212,,
527,FGTE-5,,San Kampaeng,Tailandia,"Praserdvigai, 1986",105,,110,7.2,0.1,3.2,,39,159
368,Krisuvik 3,,,Islandia,"Fournier y Potter, 1979",105,,136,10.8,1.4,24.6,,,
80,Alibel #1,,,,"Palandri & Reed, 2001",105,,13000,90,25,130,18100,57,556
604,,,Kizilcahamam Ankara,Turquía,"Karul, 1988",105,,670,66,,,243,,
82,"Wilson ""A"" #2",,,,"Palandri & Reed, 2001",106,,12500,100,30,170,19600,59,484
600,,,Ömer-Gecek Afyon,Turquía,"Karul, 1988",106,,1510,116,,,1790,,
508,SH-1,,Izmir,Turquía,"Tarcan, 2003",107,,5360,529,58,693,9450,213,305
12,Well-3,,Baejarsveit,Islandia,"Arnorsson, et.al., 1983 II",109,,105.7,3.74,0.047,10.7,109.9,71.4,
29,Well-2,,Reykhólar,Islandia,"Arnorsson, et.al., 1983 II",109,,58.6,2.12,0.06,2.8,32.5,33,
385,Cen. Miss.26,,Mississippi ,EU,"Fournier y Potter, 1979",109,,53700,750,1640,16800,,,
377,Cen. Miss.10,,Mississippi ,EU,"Fournier y Potter, 1979",109,,52100,519,1660,22200,,,
295,Well TE,,,El Salvador,"Campos, 1988",110,,560,15.8,0.07,116,709,482,38.8
695,La-2,,Aluto-Langano,Etiopía,"Kühn, 2004",110,,89,20,0.2,1,21,6,208
417,Akranes,,,Islandia,"Nieva y Nieva, 1987",110,,1360,17,12,560,,,
532,GW-10,,Puga,India,"Moon & Dharam, 1988",110,6.6,580,80,,4.3,448,118,428
301,VC-1(Va209),,"Valles caldera, New Mex.",EU,"Michard, 1989",111,,872,86,,48.9,945,56.5,
510,B-4,,Balcova,Turquía,"Serpen, 2004",112,,390,31,4.4,29,205,202,610
606,87-40,,Seltjarnarnes,Turquía,"Arnórsson, 1995 II",114,,474,11.2,0.204,560,1458,256,
705,Edna delcombre #1,,"Lafayette, CA",EU,"Kühn, 2004",114,,40000,265,270,1860,67900,220,1050
395,Cen. Miss.43,,Mississippi ,EU,"Fournier y Potter, 1979",114,,53200,635,1880,27300,,,
414,34,,Guanacaste province,Costa Rica,"Giggenbach y Corrales, 1992",115,,22,16,2.1,9,9,43,36
707,ZK1102,,"Tibet, Nagqu",China,"Kühn, 2004",115,,1004,66,6,22.5,248,200,2000
717,h-1,,Bakki,Islandia,"Kühn, 2004",116,,386,19,0.02,74,634,121,
246,10-G-020-80,,"Calistoga, CA",EU,"Murray et al, 1985",116,2.05,190,7,1,30,201,,
785,TH-1,Tekkehaman,Tekkehaman,Turquía,"Gökgöz, 1998",116,1.62,750,75,12,12,76,1350,
380,Cen. Miss.20,,Mississippi ,EU,"Fournier y Potter, 1979",116,,49900,461,2290,29500,,,
381,Cen. Miss.21,,Mississippi ,EU,"Fournier y Potter, 1979",116,,50100,474,2510,30700,,,
528,DY-1,,Kyushu,Japón,"Noda & Shimada, 1993",117,,625,47.2,0.05,40.7,998,67.5,19
719,Sn-6,,Seltines,Islandia,"Kühn, 2004",117,,597,14,0.38,523,1617,305,
708,ZK1202,,"Tibet, Nagqu",China,"Kühn, 2004",117,,1004,66,6,22.5,248,200,2000
704,St. Un. A#9 Weeks Island,,"Lafayette, CA",EU,"Kühn, 2004",117,,78000,1065,1140,10250,143000,6.4,450
706,"WI Wes 6-11 No.1, West",,"Salt Dome Basic, MS",EU,"Kühn, 2004",118,,54800,6500,3350,33900,170000,161,197
607,88-08,,Bakki,Turquía,"Arnórsson, 1995 II",120,,387.2,17.2,0.013,69.4,795,119.6,
714,GTE,,SanKampaeng,Tailandia,"Kühn, 2004",120,,175,7,0.15,5.3,153,33,151.3
710,GW-25,,NW Himalayan Puga,India,"Kühn, 2004",120,,600,90,1.5,5,468,172,799
541,Cisolok-1,,Cisolok-Cisukarame (Isla Java),Indonesia,"Hochstein, 1988",120,,365,12.6,2.9,27.5,,,
616,V2,Latera,Latera,Italia,"Gianelli, et al.,  1989",120,,1698,342,14.8,25.4,1531,1150,
542,BNT-1,,Citaman (Isla Java),Indonesia,"Hochstein, 1988",120,,184,51,32,3,,,
382,Cen. Miss.22,,Mississippi ,EU,"Fournier y Potter, 1979",120,,48800,625,2550,37200,,,
509,B-9,,Balcova,Turquía,"Serpen, 2004",122,,440,31,4,8,223,169,467
83,"Houston ""K"" #1",,,,"Palandri & Reed, 2001",122,,23250,220,95,610,35200,11,302
715,"Allermöhe, bh",,Hamburg,Alemania,"Kühn, 2004",123,,75000,1250,1300,6690,132200,465,240
608,87-37,,Reykjavik,Turquía,"Arnórsson, 1995 II",124,,56.1,2.13,0.072,2.79,33.5,14.8,
601,,,Balcova Izmir,Turquía,"Karul, 1988",124,1.6,380,29,,,192,,
386,Cen. Miss.29,,Mississippi ,EU,"Fournier y Potter, 1979",125,,53900,888,2150,28900,,,
529,GW-2,,Puga,India,"Moon & Dharam, 1988",125,6.5,700,110,,2.4,475,126,623
15,Well-1,,Bakki,Islandia,"Arnorsson, et.al., 1983 II",126,,387.5,19.6,0.072,67.1,658.5,122.5,
11,Well-4,,Seltjarnarnes,Islandia,"Arnorsson, et.al., 1983 II",126,,355.5,10,0.1,139,670.8,204.8,
711,BGRL(200m),,Beppu Kyushu,Japón,"Kühn, 2004",126,,154,16.8,48.2,65.4,65.7,84,714
86,Gardiner #1,,,,"Palandri & Reed, 2001",127,,24000,300,235,2000,40500,0.6,317
392,Cen. Miss.38,,Mississippi ,EU,"Fournier y Potter, 1979",127,,54000,979,1630,26500,,,
387,Cen. Miss.30,,Mississippi ,EU,"Fournier y Potter, 1979",127,,53600,649,2200,19300,,,
84,Taylor E-2,,,,"Palandri & Reed, 2001",128,,13250,72,48,330,21000,42,200
721,WK-620,,Wairakei,Nueva Zelanda,"Kühn, 2004",129,,174,11.8,0.88,45,185,41,300
393,Cen. Miss.39,,Mississippi ,EU,"Fournier y Potter, 1979",129,,61100,854,1830,28800,,,
378,Cen. Miss.15,,Mississippi ,EU,"Fournier y Potter, 1979",129,,54200,863,2550,41200,,,
539,FGTE-5,,San Kamphaeng,Tailandia,"Hochstein, 1988",130,,124,7.8,0.018,1.4,,,
10,Well-11,,Reykjavik,Islandia,"Arnorsson, et.al., 1983 II",130,,57.1,2.6,0.024,2.56,36.4,19.4,
409,662,,Rotorua field,Nueva Zelanda,"Giggenbach y Glover, 1992",131,1.5,318,77,0.13,11.6,387,148,121
512,BD-4,,Balcova,Turquía,"Serpen, 2004",131,,420,27,2.5,15,164,180,579
383,Cen. Miss.23,,Mississippi ,EU,"Fournier y Potter, 1979",131,,59700,1340,3230,45000,,,
374,Cen. Miss.1,,Mississippi ,EU,"Fournier y Potter, 1979",132,,79000,7080,3920,34000,,,
555,THM2,,,,"Henley & Stew, 1983",132,,78,36,,85,39,,
33,Well-1,,Reykholt,Islandia,"Arnorsson, et.al., 1983 II",133,,109.7,5.54,0.055,2.68,77.7,72.6,
716,"Bakki, well1",,Bakki,Islandia,"Kühn, 2004",134,,387.5,19.6,0.07,67.1,658.5,122.5,
398,321-20J,,Kettleman Hills,EU,"Fournier y Potter, 1979",134,,3080,75.1,2.05,8.6,,,
396,323-21J,,Kettleman Hills,EU,"Fournier y Potter, 1979",134,,3090,59.4,3.31,53.8,,,
245,7-G-009-81,,"Calistoga, CA",EU,"Kharaka y Mariner, 1989",135,1.95,206,9,0.5,2,201,,
531,GW-7,,Puga,India,"Moon & Dharam, 1988",135,6.3,580,80,1,5,464,127,884
556,THM2,,,,"Henley & Stew, 1983",135,,233,35,,54,258,217,
763,BA-01,Bakki,Bakki,Islandia,"Ping et al, 1996",136,,398,17.8,0.021,73.2,743,121,
430,Laugarnes G-4,,,Islandia,"Nieva y Nieva, 1987",136,,62.2,2.3,0.03,1.9,,,
255,Reynolds #1,,"Stillwater, NV",EU,"Kharaka y Mariner, 1989",136,1.9,1500,42,1.7,110,,,
506,G-2,,Izmir,Turquía,"Tarcan, 2003",137,10.8,1810,155,90,418,3425,272,655
379,Cen. Miss.16,,Mississippi ,EU,"Fournier y Potter, 1979",137,,58300,2030,3740,55600,,,
602,CM-1,,Seferihisar Izmir,Turquía,"Karul, 1988",137,15.4,6400,650,,,1348,,
369,Krisuvik 7,,,Islandia,"Fournier y Potter, 1979",139,,160,8.2,1.4,15.3,,,
511,BD-1,,Balcova,Turquía,"Serpen, 2004",140,,395,24,2.7,27,176,270,622
464,Citgöl drilled well (sample 7),,"Simav, Anatolia occidental",Turquía,"Gemici & Tarcan, 2002",140,0.0246,288.6,35.5,9,54.8,48,272,558.8
568,4 AH 19 W5,,Yangb,Tibet,"Grimaud, et al., 1985",140,,475913.7,43403.22,72.915,,,,
507,SH-2,,Izmir,Turquía,"Tarcan, 2003",140,,6300,577,190,760,11159,528,256
573,4 AH 25 W1,,Yangb,Tibet,"Grimaud, et al., 1985",140,,478212.8,56697.9,413.185,,,,
408,847,,Rotorua field,Nueva Zelanda,"Giggenbach y Glover, 1992",141,1.5,257,24,0.43,35,282,330,549
376,Cen. Miss.9,,Mississippi ,EU,"Fournier y Potter, 1979",141,,53800,4430,3610,39200,,,
471,Well 6,,Broadlands,Nueva Zelanda,"Ellis & Mahon, 1977",143,1.2,435,39,,260,28,15,2284
718,"Seltjarnarnes, well4",,Seltjarnarnes,Islandia,"Kühn, 2004",144,,355.5,10,0.1,139,670.8,204.8,
609,88-04,,Kroggolfsstadir,Turquía,"Arnórsson, 1995 II",145,,208.7,10.6,0.032,2.42,333.2,60.3,
570,4 AH 21 W35,,Yangb,Tibet,"Grimaud, et al., 1985",145,,464418.2,51614.64,121.525,,,,
610,88-02,,Efri-Reykir,Turquía,"Arnórsson, 1995 II",147,,98.4,5.21,0.029,1.23,51.7,57,
244,Schmitt Well,,"Raft River, ID",EU,"Kharaka y Mariner, 1989",147,1.4,535,22,0.24,50,,,
712,BGRL(250m),,Beppu Kyushu,Japón,"Kühn, 2004",148,,380,23,7.1,1.4,282,166,390
499,Well 219,,Rotorua,Nueva Zelanda,"Ellis & Mahon, 1977: Kharaka y Mariner, 1989",150,2.5,375,35,0.06,1,355,12,
666,"Simav-Eynal, E-8",,Turkish,Turquía,"Tarcan, 2005",150,0.42,523,58,4.6,8.4,81,446,
572,4 AH 24 W36,,Yangb,Tibet,"Grimaud, et al., 1985",150,,565578.6,61781.16,145.83,,,,
87,"Houston ""FF"" #1",,"Halls Bayou, TX",EU,"Palandri & Reed, 2001; Kharaka y Mariner, 1989",150,15,20500,180,170,1800,34500,16,356
142,Seferihisar-Cum.SH-2,,West Anatolia Izmir area,Turquía,"Mutlu y Gülec, 1998",150,,6300,577,190,760,11159,528,256
426,Krisuvik 5,,,Islandia,"Nieva y Nieva, 1987",151,,210,13.8,0.22,10.6,,,
1,Well,,Reykjaból,Islandia,"Arnórsson y Svavar., 1982",152,,100.5,6.1,0.047,1.26,40.9,69.5,
34,Well-1,,Reykjaból,Islandia,"Arnorsson, et.al., 1983 II",152,,102.2,6.21,0.048,1.28,41.6,70.7,
678,LV8,Las tres vírgenes,Las tres vírgenes,México,"Verma et al, 2005",152.4,,3260,387,,,,,
249,GTO3RM79,,"Brady #7, NV",EU,"Kharaka y Mariner, 1989",154,2,900,67,0.1,41,,,
250,GTO6RM79,,"Brady #8, NV",EU,"Kharaka y Mariner, 1989",154,1.5,850,36,0.32,45,,,
85,"Evans ""A"" #1",,,,"Palandri & Reed, 2001",154,,18250,190,170,1230,29300,7.7,506
390,Cen. Miss.33,,Mississippi ,EU,"Fournier y Potter, 1979",154,,29200,3830,2480,25700,,,
388,Cen. Miss.31,,Mississippi ,EU,"Fournier y Potter, 1979",154,,46500,6800,2970,30600,,,
389,Cen. Miss.32,,Mississippi ,EU,"Fournier y Potter, 1979",154,,52400,5980,3010,37400,,,
391,Cen. Miss.34,,Mississippi ,EU,"Fournier y Potter, 1979",154,,52000,6080,3410,37700,,,
307,Campani 2,,Larderello,Italia,"Michard, 1989",154,,241,140,,,,,
663,"Salihli-Caferbeyli, SC-1",,Turkish,Turquía,"Tarcan, 2005",155,0.12,680,70,6.1,42,115,34,
571,4 AH 23 W4,,Yangb,Tibet,"Grimaud, et al., 1985",155,,475913.7,66473.4,97.22,,,,
14,Well-1,,Óxnalaekur,Islandia,"Arnorsson, et.al., 1983 II",157,,159,10.1,0.03,8.37,152.2,58.2,
406,520,,Rotorua field,Nueva Zelanda,"Giggenbach y Glover, 1992",158,2.2,437,47,1.1,20,417,320,
394,Cen. Miss.42,,Mississippi ,EU,"Fournier y Potter, 1979",158,,29000,3030,1470,25000,,,
299,Well CHI-I,,,El Salvador,"Campos, 1988",159,,4670,420,0.15,900,9160,,74
258,Well #137,,Rotorua,Nueva Zelanda,"Kharaka y Mariner, 1989",160,1.4,565,31,0.22,1,632,30,
2,Well-1,,Klausturhólar,Islandia,"Arnorsson, et.al., 1983 II",160,,185.4,13.1,5.65,24.2,107.7,83.1,
665,"Simav-Eynal, E-6",,Turkish,Turquía,"Tarcan, 2005",160,0.42,532,62,5.8,6.4,80,456,
567,4 AH 18 W10,,Yangb,Tibet,"Grimaud, et al., 1985",160,,462119.1,64127.28,145.83,,,,
651,"Salavatli, AS-1",,Turkish,Turquía,"Tarcan, 2005",162,3,1100,100,3.6,20,228,153,
465,Citgöl drilled well (sample 8),,"Simav, Anatolia occidental",Turquía,"Gemici & Tarcan, 2002; Tarcan, 2005",162,0.0896,410,39.4,5.6,26,65,392.6,595.4
679,LV8,Las tres vírgenes,Las tres vírgenes,México,"Verma et al, 2005",162.3,,3260,387,,,,,
664,"Simav-Eynal, EJ-1",,Turkish,Turquía,"Tarcan, 2005",163,0.42,506,55,4.9,11.6,80,471,
455,P-91-4,,Utah,EU,"Moore, et.al., 2000",163,5,1143,220,9,96,1691,393,201
569,4 AH 20 W9,,Yangb,Tibet,"Grimaud, et al., 1985",165,,452922.7,59435.04,121.525,,,,
709,4AH20,,"Tibet, Yangbajing",China,"Kühn, 2004",165,,452922.7,59435.04,243.05,3607.2,524689.6,,
787,NLFI-2 muestra no. 82-0091,Hveragerdi,Hveragerdi,Islandia,"Zhanxue, 1998",168,,160,12.25,0.003,1.86,135.67,42.34,
786,NLFI-1 82-0090,Hveragerdi,Hveragerdi,Islandia,"Zhanxue, 1998",169,,160,11.05,0.002,1.62,130.17,43.5,
251,Y-8,,Yellowstone Park ,EU,"Kharaka y Mariner, 1989",169,2.6,360,15,0.04,1.2,240,16,493
110,T-10,,Takigami,Japón,"Furuya, et.al., 2000",169,1.4,455,23,0.1,17.9,545,229,38
578,TT-10,Takigami,Kyushu,Japón,"Furuya, et al., 2000",169,1.4,455,23,0.1,17.9,545,229,38
540,ZK 302,,Yangbajain ,Tibet,"Hochstein, 1988",170,,440,41.5,0.13,8.3,,,
701,MBP-1,,Long Valley,EU,"Kühn, 2004",170,,370,34,0.6,2.6,260,130,359
254,East mesa 8-11,,"Imperial Valley, CA",EU,"Kharaka y Mariner, 1989",170,2,723,42,1.6,41,,,
760,TH-2,Tekkehamam,Tekkehamam,Turquía,"Simsek et al, 2005",171,,1240,120,1.2,2,112,727,1335
146,Tuzla T-1,,West Anatolia Canakkale area,Turquía,"Mutlu y Gülec, 1998",171,,16640,1280,71,2920,33600,150,84
554,THM1,,,,"Henley & Stew, 1983",172,,234,126,0.17,27,313,215,
652,"Salavatli, AS-2",,Turkish,Turquía,"Tarcan, 2005",172,6,1100,90,1.1,14,233,170,
411,724,,Rotorua field,Nueva Zelanda,"Giggenbach y Glover, 1992",173,2.6,491,39,0.26,17,617,118,13
27,Well-4,,Leirá,Islandia,"Arnorsson, et.al., 1983 II",173,,244.2,27.6,0.66,15.4,263.8,55.3,
689,Well IT-3,,Tuchang,Taiwan,"Fournier, 1981",173,,947,13.6,,,18,31,2484
77,Y3,,Yellowstone Park ,EU,"Can, 2002",174,3.5,270,11,0.02,1.26,278,19.1,177
720,WK-230,,Wairakei,Nueva Zelanda,"Kühn, 2004",175,,118,12.1,0.06,9.5,96,53,165
702,MBP-3,,Long Valley,EU,"Kühn, 2004",175,,360,33,0.6,2.5,250,120,358
788,H-1 muestra no. 78-0082,Hveragerdi,Hveragerdi,Islandia,"Zhanxue, 1998",178,,189,9.2,0.007,2.08,124,70.3,
456,42-7,,Utah,EU,"Moore, et.al., 2000",178,5,1241,254,5,51,1639,332,100
523,PR-5,,"Primavera, Jalisco",México,"Villa, et al., 1987",178,,685,54,,,,,910
405,219,,Rotorua field,Nueva Zelanda,"Giggenbach y Glover, 1992",180,2.4,265,30,0.18,7.8,269,102,391
490,Well 6,,El Tatio,Chile,"Ellis & Mahon, 1977",180,17.1,1900,111,1.3,99,3048,177,111
586,79-32,Reykjavík,"Hveragerdi, 4",Islandia ,"Arnórsson, 1995",181,,147,12.9,0.002,1.67,106,42.1,
35,G4 muestra no.79-32,,Hveragerdi,Islandia,"Arnorsson, et.al., 1983 II; Zhanxue. 1998",181,,153.3,13.4,0.002,1.73,109.5,43.7,
789,H-2 muestra no. 79-0003,Hveragerdi,Hveragerdi,Islandia,"Zhanxue, 1998",181,,167,12.7,,2.05,132,41.5,
285,G2 muestra no.79-136,,Hveragerdi,Islandia,"Arnórsson y Gunnl., 1985; Zhanxue. 1998; 
",182,,168,13.8,0.002,2.18,142.3,40,
764,H-8,Hverageroi,Hverageroi,Islandia,"Ping et al, 1996",182,,152,12.4,0.064,2.51,131.3,41.7,
253,East mesa 6-2,,"Imperial Valley, CA",EU,"Kharaka y Mariner, 1989",182,4,1400,125,0.3,13,,,
662,"Kavaklidere-Sazdere, KG-1",,Turkish,Turquía,"Tarcan, 2005",182,5.28,2027,79,3.1,12.8,165,1843,
427,Krisuvik 6,,,Islandia,"Nieva y Nieva, 1987",183,,680,40.4,0.5,90.8,,,
765,G-4,Hverageroi,Hverageroi,Islandia,"Ping et al, 1996",184,,167,12.5,0.001,2.26,130.4,40.9,
306,Rad 6,,Larderello,Italia,"Michard, 1989",184,,35,16.6,,,,,
305,Rad 15,,Larderello,Italia,"Michard, 1989",184,,616,173,,,,,
617,SHG1,Latera,Latera,Italia,"Gianelli, et al.,  1989",186,,2360,153,3.5,23.6,3315,157,
622,EQ3/6 (13),Latera,Latera,Italia,"Gianelli, et al.,  1989",187,,1896,391,2.6,27.6,1721,1289,
618,G2,Latera,Latera,Italia,"Gianelli, et al.,  1989",187,,2120,286,2.6,12,3000,250,
761,Tekkehamam,Tekkehamam,Tekkehamam,Turquía,"Simsek et al, 2005",190,,750,75,12,12,76,1350,446
252,East Mesa 6-1,,"Imperial Valley, CA",EU,"Kharaka y Mariner, 1989",190,45,9130,1180,15.2,1020,,,
429,Krisuvik 8,,,Islandia,"Nieva y Nieva, 1987",192,,227,21.5,0.13,11.5,,,
557,PN,,,,"Henley & Stew, 1983",192,,175,16,,1.5,113,39,
767,KW-2,Krafla,Krafla,Islandia,"Ping et al, 1996",193,,207,14.4,0.01,1.98,28.9,196,
771,KG-26,Krafla,Krafla,Islandia,"Ping et al, 1996",195,,203,24.2,0.054,3,24.1,249,
645,"Kizildere, KD-13",,Turkish,Turquía,"Tarcan, 2005",195,4.09,1214,132,0.18,0.42,100,337,
778,KD-13,Kizildere,Kizildere,Turquía,"Gökgöz, 1998",195,4.09,1300,138,0.23,2,128,773,
752,KD-13,Kizildere,Kizildere,Turquía,"Simsek et al, 2005",195,,1300,138,0.25,2,128,773,1525
403,Pauzhetka 4,,Kamchatka,Rusia,"Fournier y Potter, 1979",195,,986,105,3.5,52,1667,76,41
688,Well 1C-4,,Chingshu,Taiwan,"Fournier, 1981",195,6,896,29,,,15,26.2,2296
675,LV5,Las tres vírgenes,Las tres vírgenes,México,"Verma et al, 2005",195.4,,4900,770,,,,,
644,"Kizildere, KD-6",,Turkish,Turquía,"Tarcan, 2005",196,3.96,1134,131,0.27,1.15,46,644,
751,KD-6,Kizildere,Kizildere,Turquía,"Simsek et al, 2005",196,,1220,116,0.36,1.2,124,560,1586
777,KD-6,Kizildere,Kizildere,Turquía,"Gökgöz, 1998",196,3.96,1220,116,0.36,1.2,124,560,
450,Waitopau 6,,,Nueva Zelanda,"Nieva y Nieva, 1987",199,,635,88,0.06,9,,,
256,Chevron 1-29,,"Carson Desert, NV",EU,"Kharaka y Mariner, 1989",199,2.3,1200,130,0.36,58,,,
620,EQ3/6 (11),Latera,Latera,Italia,"Gianelli, et al.,  1989",200,,2090,195,0.08,152,3230,106,
145,Kizildere KD-1,,West Anatolia Denizli area,Turquía,"Mutlu y Gülec, 1998",200,4.5,1280,135,0.2,2.5,117,770,1860
543,TG-4,,Bao  Valley,Filipinas,"Hochstein, 1988",200,,1948,170,0.5,92,,,
615,L4,Latera,Latera,Italia,"Gianelli, et al.,  1989",200,,1760,285,1.1,15.3,1840,585,
623,I.I.D. No.3,Salton Sea,"Salton Sea, California",EU,"Fournier, 1990",200,40,10600,1250,74,1130,19700,651,1880
612,well #4,,Sta. Lucia,,"Wohletz, 1986",200,,5900,293,100,11600,37000,1195,
534,29-Jun,,Cerro Prieto,México,"Maimoni, 1982",200,,40900,6900,125,17400,,,
624,Commercial No. 113,Salton Sea,"Salton Sea, California",EU,"Fournier, 1990",200,,4800,297,,117,,,
676,LV5,Las tres vírgenes,Las tres vírgenes,México,"Verma et al, 2005",200,,4900,770,,,,,
144,Kizildere KD-6,,West Anatolia Denizli area,Turquía,"Mutlu y Gülec, 1998",201,,1264,145,0.1,3.1,98,705,2126
648,"Kizildere, KD-20",,Turkish,Turquía,"Tarcan, 2005",201,4.58,1330,140,0.15,1.6,140,676,
756,KD-20,Kizildere,Kizildere,Turquía,"Simsek et al, 2005",201,,1375,140,0.15,1.6,140,710,1159
782,KD-20,Kizildere,Kizildere,Turquía,"Gökgöz, 1998",201,4.58,1375,140,0.15,1.6,140,710,
650,"Kizildere, KD-22",,Turkish,Turquía,"Tarcan, 2005",202,,1282,144,0.15,0.47,100,504,
703,RDO-8,,Long Valley,EU,"Kühn, 2004",202,,369,43,0.2,7.4,280,159,376
758,KD-22,Kizildere,Kizildere,Turquía,"Simsek et al, 2005",202,,1275,140,0.24,1.2,136,729,1586
784,KD-22,Kizildere,Kizildere,Turquía,"Gökgöz, 1998",202,,1275,140,0.24,1.2,136,729,
757,KD-21,Kizildere,Kizildere,Turquía,"Simsek et al, 2005",202,,1325,131,0.24,1.8,140,710,1220
783,KD-21,Kizildere,Kizildere,Turquía,"Gökgöz, 1998",202,,1325,131,0.24,1.8,140,710,
649,"Kizildere, KD-21",,Turkish,Turquía,"Tarcan, 2005",202,,1550,140,0.24,1.8,140,772,
772,KG-26,Krafla,Krafla,Islandia,"Ping et al, 1996",203,,206,25.7,0.047,2.55,24.4,232.7,
545,N1,,Okoy Valley,Filipinas,"Hochstein, 1988",203,,2090,195,0.26,176,,,
147,Germencik OB-1,,West Anatolia Aydin area,Turquía,"Mutlu y Gülec, 1998",203,,1625,81,2.2,3.6,1714,45,1263
659,"Germencik, ÖB-7",,Turkish,Turquía,"Tarcan, 2005",203,,1100,132,6.1,19,855,51,
653,"Germencik, ÖB-1",,Turkish,Turquía,"Tarcan, 2005",203,,1355,45,16,50,1586,37,
585,52-21,,Utah,EU,"Christensen, et al., 1983",204,,1900,216,4,107,2882,85,615
242,Utah State  52-21 Muestra 8,,"Roosevelt, UT",EU,"Capuano & Cole, 1982",204,,1900,216,4,107,2880,85,615
107,TT-2,,Takigami,Japón,"Furuya, et.al., 2000",205,1.6,466,47.1,0.1,18.8,547,238,
575,TT-2,Takigami,Kyushu,Japón,"Furuya, et al., 2000",205,1.6,466,47.1,0.1,18.8,547,238,
754,KD15,Kizildere,Kizildere,Turquía,"Simsek et al, 2005",205,,1340,138,0.15,1.2,140,730,1464
780,KD-15,Kizildere,Kizildere,Turquía,"Gökgöz, 1998",205,3.62,1340,138,0.15,1.2,140,730,
646,"Kizildere, KD-15",,Turkish,Turquía,"Tarcan, 2005",205,3.62,1335,154,0.24,0.95,58,704,
226,CGEH (9),,"Coso, CA",EU,"Kharaka y Mariner, 1989",205,14,1480,132,0.57,51,,,
58,KD15,,Kizildere,Turquía,"Can, 2002",205,,935,93,1,5,89,621,2000
753,KD-14,Kizildere,Kizildere,Turquía,"Simsek et al, 2005",207,,1410,152,0.2,1.2,144,737,2403
779,KD-14,Kizildere,Kizildere,Turquía,"Gökgöz, 1998",207,4.45,1410,152,0.2,1.2,144,737,
373,Kizildere 15,,,Turquía,"Fournier y Potter, 1979",207,,1173,117,1.19,6,,,
692,La-5,,Aluto-Langano,Etiopía,"Kühn, 2004",208,,1060,148,0.5,6,720,168,1300
311,NG-8,,Ngawha field,Nueva Zelanda,"Sheppard, 1987",209,9.5,762,69,0.4,6.8,1054,28,394
614,L2,Latera,Latera,Italia,"Gianelli, et al.,  1989",209,,2240,320,1.2,17.3,2940,360,
41,Well-8,,Krafla,Islandia,"Arnorsson, et.al., 1983 III",210,,187.5,22.4,0.03,2.3,23.9,193,
722,Aghiasmata 6/2000,,Aghiasmata,Grecia,"Dotsika et al, 2006",210,4.55,2270,263,19,221,4083,46,396
723,Aghiasmata 7/2002,,Aghiasmata,Grecia,"Dotsika et al, 2006",210,5.5,2400,270,19.5,228,4150,70,370
522,PR-2,,"Primavera, Jalisco",México,"Villa, et al., 1987",210,,2440,130,,,,,2886
755,KD-16,Kizildere,Kizildere,Turquía,"Simsek et al, 2005",211,,1400,148,0.24,3.2,136,714,1525
781,KD-16,Kizildere,Kizildere,Turquía,"Gökgöz, 1998",211,4.43,1400,148,0.24,3.2,136,714,
647,"Kizildere, KD-16",,Turkish,Turquía,"Tarcan, 2005",211,4.43,1245,151,0.29,3.65,49,656,
485,Well 1,,El Tatio,Chile,"Ellis & Mahon, 1977",211,30.2,4480,420,1.1,270,7943,64,29
669.3,LV1,Las tres vírgenes,Las tres vírgenes,,,211.8,,4435,700,,,,,
106,TT-1,,Takigami,Japón,"Furuya, et.al., 2000",212,1.6,443,41,0.1,20,525,261,
574,TT-1,Takigami,Kyushu,Japón,"Furuya, et al., 2000",212,1.6,443,41,0.1,20,525,261,
489,Well 5,,El Tatio,Chile,"Ellis & Mahon, 1977",212,44,5000,684,1,280,8360,45,65
598,KD-2,,Kizildere-Denizli,Turquía,"Karul, 1988",212,,1400,148,,,122,,
669.2,LV1,Las tres vírgenes,Las tres vírgenes,,,212.1,,4435,700,,,,,
656,"Germencik, ÖB-4",,Turkish,Turquía,"Tarcan, 2005",213,,1420,135,1.7,12,1500,37,
669.1,LV1,Las tres vírgenes,Las tres vírgenes,,,213,,4435,700,,,,,
535,30-Jun,,Cerro Prieto,México,"Maimoni, 1982",214,,42100,7000,125,16900,,,
291,81-029,,Krafla,Islandia,"Arnórsson y Gunnl., 1985",215,,193,25.46,0.002,1.6,43.8,202.4,
587,81-29,Reykjavík,"Krafla, 8",Islandia ,"Arnórsson, 1995",215,,159,21,0.004,1.32,32,166,
773,KG-26,Krafla,Krafla,Islandia,"Ping et al, 1996",215,,230.9,27.6,0.004,2.26,26.5,209.2,
286,G6 muestra no. 83-013,,Hveragerdi,Islandia,"Arnórsson y Gunnl., 1985; Zhanxue. 1998; 
",215,,164.2,20.72,0.021,2.15,171.2,37.2,
109,TT-8,,Takigami,Japón,"Furuya, et.al., 2000",215,1.7,488,57.4,0.1,12.3,585,251,13
577,TT-8,Takigami,Kyushu,Japón,"Furuya, et al., 2000",215,1.7,488,57.4,0.1,12.3,585,251,13
538,10-Aug,,Cerro Prieto,México,"Maimoni, 1982",215,141,42000,8600,80,20000,,,
537,10-Aug,,Cerro Prieto,México,"Maimoni, 1982",215,135,42700,6500,99,18200,,,
766,G-6,Hverageroi,Hverageroi,Islandia,"Ping et al, 1996",216,,177,18.2,0.001,2.3,185.2,33.7,
108,TT-7,,Takigami,Japón,"Furuya, et.al., 2000",217,2.1,475,63.3,0.2,20.6,640,154,11
576,TT-7,Takigami,Kyushu,Japón,"Furuya, et al., 2000",217,2.1,475,63.3,0.2,20.6,640,154,11
670,LV3,Las tres vírgenes,Las tres vírgenes,México,"Verma et al, 2005",217.5,,4400,740,,,,,
148,Germencik OB-2,,West Anatolia Aydin area,Turquía,"Mutlu y Gülec, 1998",218,,1801,210,0.5,,1848,51,1598
671,LV3,Las tres vírgenes,Las tres vírgenes,México,"Verma et al, 2005",218.3,,4400,740,,,,,
677,LV5,Las tres vírgenes,Las tres vírgenes,México,"Verma et al, 2005",219.3,,4900,770,,,,,
726,PV1-R09/94w,,"Sao Miguel, Azores",Portugal,Carvalho et al. 2006,220,,1465,211,0.008,1.24,1173,85,
451,Wairakei 4/1,,,Nueva Zelanda,"Nieva y Nieva, 1987",220,,1300,192,0.02,23,,,
552,TH2,,,,"Henley & Stew, 1983",220,,767,99,0.11,18,1255,68,
725,PV1-R148/93w,,"Sao Miguel, Azores",Portugal,Carvalho et al. 2006,220,,1481,218,0.154,1.48,1300,105,
313,NG-18,,Ngawha field,Nueva Zelanda,"Sheppard, 1987",220,9.7,818,69,0.16,5.4,1155,29,258
422,Hengill G-3,,,Islandia,"Nieva y Nieva, 1987",220,,186,18.3,0.24,1.6,,,
296,Well CH-1,,,El Salvador,"Campos, 1988",220,,2410,186,48,137,4237,51.8,122.2
660,"Germencik, ÖB-8",,Turkish,Turquía,"Tarcan, 2005",220,,1550,15,243,8,1528,45,
76,Well 2-1,,Rotokawa,Nueva Zelanda,"Can, 2002",220,7.8,1168,135,,38,2049,92,42
724,PV1-R98/92w,,"Sao Miguel, Azores",Portugal,Carvalho et al. 2006,220,,1190,238,,2.46,1952,91,
308,Latera 3D,,Northern Latium,Italia,"Michard, 1989",220,,3609,711,,,,,
658,"Germencik, ÖB-6",,Turkish,Turquía,"Tarcan, 2005",221,,1775,180,0.1,3.6,1882,64,
657,"Germencik, ÖB-5",,Turkish,Turquía,"Tarcan, 2005",221,,1387,128,6.8,8.4,1454,46,
683,Well 43,,Wairakei,Nueva Zelanda,"Ellis & Mahon, 1977",222,12.6,1320,150,,27,2106,22,
524,PR-5,,"Primavera, Jalisco",México,"Villa, et al., 1987",223,,582,70,,,,,632
564,BA-9,,Baca,EU,"Grigsby, et al.,  1989",223,,1920,310,,13.1,3340,48,139
310,NG-4,,Ngawha field,Nueva Zelanda,"Sheppard, 1987",224,11.7,891,77,0.09,2.5,1260,40,271
661,"Germencik, ÖB-9",,Turkish,Turquía,"Tarcan, 2005",224,,1750,105,1.2,4.8,1819,133,
588,81-17,Reykjavík,"Hveragerdi, 7",Islandia ,"Arnórsson, 1995",225,,162,19.5,0.007,1.54,170,32.2,
287,G7 muestra no. 81-017,,Hveragerdi,Islandia,"Arnórsson y Gunnl., 1985; Zhanxue. 1998; 
",225,,176.8,21.28,0.008,1.68,186.3,35.2,
497,Well 2,,Orakeikorako,Nueva Zelanda,"Ellis & Mahon, 1977",225,3.1,550,54,0.02,1,546,142,
500,Well 1,,Tauhara,Nueva Zelanda,"Ellis & Mahon, 1977",225,13.8,1275,223,0.07,14,2222,30,
312,NG-11,,Ngawha field,Nueva Zelanda,"Sheppard, 1987",225,10.4,876,78,0.13,2.5,1211,25,458
365,SV-1 ,,San Vicente field,El Salvador,"Aiuppa, 1997",225,,1666,215,0.4,98,2847,61,62.6
243,Utah State  9-1 Muestra 9,,"Roosevelt, UT",EU,"Capuano & Cole, 1982",225,,1780,440,1,69.1,2860,120,485
259,Well #1,,Ngauha,Nueva Zelanda,"Kharaka y Mariner, 1989",225,10.7,900,78,1.4,29,1658,20,
433,Reykjanes,,,Islandia,"Nieva y Nieva, 1987",225,,11920,1700,25,2038,,,
698,La-7,,Aluto-Langano,Etiopía,"Kühn, 2004",226,,854,47,0.6,2.6,302,31,1769
486,Well 2,,El Tatio,Chile,"Ellis & Mahon, 1977",226,42,5080,663,0.82,272,9134,49,53
813,PGM-12,Miravalles,Miravalles,Costa Rica,"Yock, 1998",227,5.97,2298,279,0.37,67,3885,52,34
672,LV3,Las tres vírgenes,Las tres vírgenes,México,"Verma et al, 2005",227.3,,4400,740,,,,,
415,Ahuachapan 8,,,El Salvador,"Nieva y Nieva, 1987",228,,4839,872,22.5,341,,,
807,PGM-10,Miravalles,Miravalles,Costa Rica,"Yock, 1998",228.7,5.52,2568,328,0.02,85,4331,35,7
814,PGM-12,Miravalles,Miravalles,Costa Rica,"Yock, 1998",229,5.9,2446,299,0.3,71,4110,66,29
488,Well 4,,El Tatio,Chile,"Ellis & Mahon, 1977",229,28,4537,193,3.7,228,7774,62,81
727,CL1-R143/93w,,"Sao Miguel, Azores",Portugal,Carvalho et al. 2006,230,,1473,218,0.007,0.54,1966,95,
232,Well #7,,Otake,Japón,"Kharaka y Mariner, 1989",230,4.5,846,105,0.025,9.9,,,
98,NG-9,,Ngawha,Nueva Zelanda,"Giggenbach, 1988",230,,893,79,0.11,3,1260,18,185
732,CL1-R146/93w,,"Sao Miguel, Azores",Portugal,Carvalho et al. 2006,230,,1544,217,0.142,0.43,2027,97,
297,Well SV1,,,El Salvador,"Campos, 1988",230,,1620,240,0.4,82,2827,59,63.2
655,"Germencik, ÖB-3",,Turkish,Turquía,"Tarcan, 2005",230,,1775,170,0.5,1.6,1818,74,
372,Ngawha 1,,,Nueva Zelanda,"Fournier y Potter, 1979",230,,900,78,1.4,29,,,
536,8-Aug,,Cerro Prieto,México,"Maimoni, 1982",230,128,41200,6600,95,17900,,,
686,Well 1 ,,Ngawha,Nueva Zelanda,"Fournier, 1981",230,9.1,708,60,,,1211,13,45
730,CL1-R145/93w,,"Sao Miguel, Azores",Portugal,Carvalho et al. 2006,230,,1606,225,,0.48,1941,93,
729,CL1-R144/93w,,"Sao Miguel, Azores",Portugal,Carvalho et al. 2006,230,,1634,275,,0.62,2027,96,
625,Commercial No. B1,Salton Sea,"Salton Sea, California",EU,"Fournier, 1990",230,,15000,2480,,2520,,,
823,PGM-21,Miravalles,Miravalles,Costa Rica,"Yock, 1998",231,6.03,2391,273,0.01,67,3981,51,32
654,"Germencik, ÖB-2",,Turkish,Turquía,"Tarcan, 2005",231,,1830,189,0.1,1.6,1359,71,
691,La-4,,Aluto-Langano,Etiopía,"Kühn, 2004",231,,758,230,0.5,5,479,473,375
821,PGM-20,Miravalles,Miravalles,Costa Rica,"Yock, 1998",232,5.95,2391,289,0.09,77,3992,46,26
820,PGM-20,Miravalles,Miravalles,Costa Rica,"Yock, 1998",232,6.02,2305,267,0.14,72,3861,62,27
599,OB-2,,Germencik-Aydin,Turquía,"Karul, 1988",232,8,1335,45,,,1586,,
149,Germencik OB-3,,West Anatolia Aydin area,Turquía,"Mutlu y Gülec, 1998",232,,1770,172,,1.6,1819,72,1342
53,Ah-1,,Ahuachapán,El Salvador,"Can, 2002",232,,4530,736,,308,8172,21,21
806,PGM-10,Miravalles,Miravalles,Costa Rica,"Yock, 1998",232.9,6.11,2386,297,0.03,77,4014,42,23
682,Well 41,,Wairakei,Nueva Zelanda,"Ellis & Mahon, 1977",233,12.4,1175,172,0.005,24,2113,23,
734,CL2-R172-173/93w,,"Sao Miguel, Azores",Portugal,Carvalho et al. 2006,233,,1390,201,0.022,0.47,1084,89,
824,PGM-21,Miravalles,Miravalles,Costa Rica,"Yock, 1998",233,6.16,2453,292,0.13,76,4129,72,42
696,La-4,,Aluto-Langano,Etiopía,"Kühn, 2004",233,,1015,138,0.4,3.8,671,131,1647
736,CL2-R176-177/93w,,"Sao Miguel, Azores",Portugal,Carvalho et al. 2006,233,,1395,216,,0.14,1232,114,
735,CL2-R174-175/93w,,"Sao Miguel, Azores",Portugal,Carvalho et al. 2006,233,,1412,199,,0.39,1238,116,
444,Well 3,,Orakeikorako ,Nueva Zelanda,"Nieva y Nieva, 1987",234,3.1,254,40.2,0.15,1,301,64,
798,PGM-03,Miravalles,Miravalles,Costa Rica,"Yock, 1998",235,5.67,2506,313,0.09,70,4115,40,23
817,PGM-17,Miravalles,Miravalles,Costa Rica,"Yock, 1998",235,6.29,2393,305,0.1,67,4025,60,40
815,PGM-12,Miravalles,Miravalles,Costa Rica,"Yock, 1998",235,6.07,2519,282,0.27,82,4238,58,22
697,La-6,,Aluto-Langano,Etiopía,"Kühn, 2004",235,,688,223,0.3,0.8,459,372,854
833,PGM-46,Miravalles,Miravalles,Costa Rica,"Yock, 1998",235,5.82,2324,297,0.69,63,3943,61,88
304,DO-3,,,Dominica (Antillas Menores),"Michard, 1989",235,,1607,200,,56,2670,60,
303,DO-2,,,Dominica (Antillas Menores),"Michard, 1989",235,,1625,203,,56,2670,60,
827,PGM-31,Miravalles,Miravalles,Costa Rica,"Yock, 1998",236,6.23,2355,282,0.06,72,3978,59,31
825,PGM-21,Miravalles,Miravalles,Costa Rica,"Yock, 1998",236,5.78,2503,288,0.11,75,4124,52,30
492,Well 10,,El Tatio,Chile,"Ellis & Mahon, 1977",236,43.9,4795,799,0.72,253,8986,31,40
371,Svartsengi 3,,,Islandia,"Fournier y Potter, 1979",236,,6322,1012,1.27,906,,,
805,PGM-10,Miravalles,Miravalles,Costa Rica,"Yock, 1998",236.8,5.57,2352,299,0.06,74,3941,47,24
826,PGM-31,Miravalles,Miravalles,Costa Rica,"Yock, 1998",237,5.77,2228,269,0.08,59,3805,59,24
799,PGM-03,Miravalles,Miravalles,Costa Rica,"Yock, 1998",237,5.73,2513,304,0.08,96,4174,37,19
822,PGM-20,Miravalles,Miravalles,Costa Rica,"Yock, 1998",237,8.24,2485,308,0.09,102,4325,40,23
502,Well 7,,Waiotapu,Nueva Zelanda,"Ellis & Mahon, 1977",238,6.4,790,90,0.05,10,1310,86,
112,TT-14,,Takigami,Japón,"Furuya, et.al., 2000",238,2.6,502,89,0.1,8.4,785,95,
580,TT-14,Takigami,Kyushu,Japón,"Furuya, et al., 2000",238,2.6,502,89,0.1,8.4,785,95,
800,PGM-05,Miravalles,Miravalles,Costa Rica,"Yock, 1998",238,5.36,2307,285,0.17,75,3861,47,22
828,PGM-31,Miravalles,Miravalles,Costa Rica,"Yock, 1998",238,5.53,2434,304,0.19,80,4064,47,24
613,L3D,Latera,Latera,Italia,"Gianelli, et al.,  1989",238,,2740,500,0.22,2.75,2890,1380,
737,CL2-R178-179/93e,,"Sao Miguel, Azores",Portugal,Carvalho et al. 2006,238,,1411,215,,0.42,1138,98,
673,LV3,Las tres vírgenes,Las tres vírgenes,México,"Verma et al, 2005",238.3,,4400,740,,,,,
808,PGM-10,Miravalles,Miravalles,Costa Rica,"Yock, 1998",238.7,5.58,2546,319,0.08,94,4355,46,14.3
797,PGM-03,Miravalles,Miravalles,Costa Rica,"Yock, 1998",239,6.28,2402,288,0.05,67,3969,44,30
830,PGM-45,Miravalles,Miravalles,Costa Rica,"Yock, 1998",239,6.34,2372,308,0.07,66,3945,46,20
804,PGM-05,Miravalles,Miravalles,Costa Rica,"Yock, 1998",239,5.42,2675,326,0.12,117,4570,49,12
150,TR-1,,Berlin field,El Salvador,"D'Amore y Mejía, 1999",239,,2766,232,0.15,232,5083,88,
829,PGM-31,Miravalles,Miravalles,Costa Rica,"Yock, 1998",239,5.57,2434,301,0.18,89,4155,43,21
802,PGM-05,Miravalles,Miravalles,Costa Rica,"Yock, 1998",239.1,6.29,2448,290,0.06,87,4113,44,24
801,PGM-05,Miravalles,Miravalles,Costa Rica,"Yock, 1998",239.5,6.01,2249,276,0.09,81,3845,34,27
589,81-31,Reykjavík,"Krafla, 9",Islandia ,"Arnórsson, 1995",240,,145,21.4,0.004,1.2,31.6,153,
745,CL4-R261/94w,,"Sao Miguel, Azores",Portugal,Carvalho et al. 2006,240,,1464,257,0.007,1.46,1743,133,
746,CL4-R263/94w,,"Sao Miguel, Azores",Portugal,Carvalho et al. 2006,240,,1636,245,0.007,1.54,2364,150,
748,CL4-R266/94w,,"Sao Miguel, Azores",Portugal,Carvalho et al. 2006,240,,1689,250,0.007,1.83,2254,145,
738,CL3-R269/94w,,"Sao Miguel, Azores",Portugal,Carvalho et al. 2006,240,,1725,265,0.007,0.59,2242,120,
503,Well 4/1,,Wairakei,Nueva Zelanda,"Ellis & Mahon, 1977",240,12.6,1300,192,0.02,23,2140,33,
99,WK-66,,Wairakei,Nueva Zelanda,"Giggenbach, 1988",240,,995,142,0.04,17,1675,30,
816,PGM-17,Miravalles,Miravalles,Costa Rica,"Yock, 1998",240,5.18,2444,304,0.05,65,3981,46,20
790,PGM-01,Miravalles,Miravalles,Costa Rica,"Yock, 1998",240,5.83,2462,313,0.05,54,4046,50,24
501,Well 6,,Waiotapu,Nueva Zelanda,"Ellis & Mahon, 1977; Kharaka y Mariner, 1989; Fournier y Potter, 1979",240,6.6,860,155,0.06,10,1450,52,
818,PGM-17,Miravalles,Miravalles,Costa Rica,"Yock, 1998",240,6.39,2441,287,0.06,64,4063,49,36
36,Well-9,,Krafla,Islandia,"Arnorsson, et.al., 1983 II",240,,193.9,29,0.064,2.54,28,194.5,
819,PGM-17,Miravalles,Miravalles,Costa Rica,"Yock, 1998",240,6.17,2458,309,0.07,71,4122,45,32
74,Well 11,,El Tatio,Chile,"Can, 2002",240,31.6,3450,580,0.11,146,6130,23,29
514,TCB1-90-6,,Tecuamburro,Guatemala,"Goff, et al., 1992",240,,34.2,3.8,0.14,9.7,18.2,17.8,83.4
699,TCB1-90-6,,Tecumburro,Guatemala,"Kühn, 2004",240,,34.2,3.8,0.14,9.7,18.2,17.8,83.4
493,Well 11,,El Tatio,Chile,"Ellis & Mahon, 1977",240,44.9,4900,825,0.15,208,8716,32,41
519,TCB1-90-10,,Tecuamburro,Guatemala,"Goff, et al., 1992",240,,127,7.4,0.2,10.2,62.1,67.1,
518,TCB1-90-9,,Tecuamburro,Guatemala,"Goff, et al., 1992",240,,79,6.7,0.29,20.8,37,35.9,176
700,TCB1-90-9,,Tecumburro,Guatemala,"Kühn, 2004",240,,79,6.7,0.29,2.8,37,35.9,176
283,79-139,,Svartsengi,Islandia,"Arnórsson y Gunnl., 1985",240,,6670,1110,0.91,1033,13380,27,
284,79-138,,Svartsengi,Islandia,"Arnórsson y Gunnl., 1985",240,,8330,1160,1.24,1150,14650,27.3,
590,79-08,Reykjavík,"Svartsengi, 4",Islandia ,"Arnórsson, 1995",240,,6382,989,1.29,1066,13507,32.2,
437,Matsukawa 1,,,Japón,"Nieva y Nieva, 1987",240,,264,144,8.7,22.9,,,
548,No.11,,Kamojang,Indonesia,"Hochstein, 1988",240,,47,16,27,73,,,
516,TCB1-90-7,,Tecuamburro,Guatemala,"Goff, et al., 1992",240,,36.4,4.2,,26.7,17.3,27.3,162
513,TCB1-90-5,,Tecuamburro,Guatemala,"Goff, et al., 1992",240,,45.6,12.4,,9.1,37.7,16.7,102
515,TCB1-90-6a,,Tecuamburro,Guatemala,"Goff, et al., 1992",240,,93.2,5.6,,2.1,42,51.5,
517,TCB1-90-7a,,Tecuamburro,Guatemala,"Goff, et al., 1992",240,,143,8.2,,5.1,69.7,85.8,
743,CL4-R257/94w,,"Sao Miguel, Azores",Portugal,Carvalho et al. 2006,240,,1576,256,,1.46,2190,145,
774,MF-1,Campi Flegrei,Mofete,Italia,"Caprarelli et al, 1997",240,,10025,1230,,555,17710,,
626,Woolsey No. 1a,Salton Sea,"Salton Sea, California",EU,"Fournier, 1990",240,,25000,5000,,11000,,,
627,Woolsey No. 1b,Salton Sea,"Salton Sea, California",EU,"Fournier, 1990",240,,39280,5000,,11000,,,
795,PGM-03,Miravalles,Miravalles,Costa Rica,"Yock, 1998",241,5.17,2396,300,0.05,66,4000,43,24
831,PGM-45,Miravalles,Miravalles,Costa Rica,"Yock, 1998",241,6.08,2536,324,0.05,72,4195,39,22
834,PGM-46,Miravalles,Miravalles,Costa Rica,"Yock, 1998",241,5.78,2522,321,0.08,82,4240,42,21
796,PGM-03,Miravalles,Miravalles,Costa Rica,"Yock, 1998",241,6.19,2413,304,0.09,69,4050,54,31
113,TT-16,,Takigami,Japón,"Furuya, et.al., 2000",241,2.6,510,73,0.1,9.2,732,191,61
581,TT-16,Takigami,Kyushu,Japón,"Furuya, et al., 2000",241,2.6,510,73,0.1,9.2,732,191,61
803,PGM-05,Miravalles,Miravalles,Costa Rica,"Yock, 1998",241.7,5.43,2566,321,0.07,104,4331,43,14
643,"Kizildere, R-1",,Turkish,Turquía,"Tarcan, 2005",242,,1525,203,0.05,0.53,132,526,
759,R-1,,,Turquía,"Simsek et al, 2005",242,,1556,245,0.23,2.67,134,792,3074
31,Well-4,,Svartsengi,Islandia,"Arnorsson, et.al., 1983 II",242,,8037,1245,1.62,1343,17010,40.5,
452,Wairakei 20,,,Nueva Zelanda,"Nieva y Nieva, 1987",243,,1300,220,0.04,18,,,
832,PGM-45,Miravalles,Miravalles,Costa Rica,"Yock, 1998",243,6.08,2469,323,0.05,75,4199,40,19
240,Utah State 72-16 Muestra 6,,"Roosevelt, UT",EU,"Capuano & Cole, 1982",243,15,1800,380,0.29,12.4,3110,33,181
241,Utah State 72-16 Muestra 7,,"Roosevelt, UT",EU,"Capuano & Cole, 1982",243,15,2000,400,0.29,12.2,3260,32,181
583,72-16,,Utah,EU,"Christensen, et al., 1983",243,16,2000,400,0.29,12.2,3260,32,181
505,Well 44,,Wairakei,Nueva Zelanda,"Ellis & Mahon, 1977",244,14.2,1320,225,0.005,17,2260,36,
793,PGM-01,Miravalles,Miravalles,Costa Rica,"Yock, 1998",244,5.58,2526,319,0.05,73,4285,33,16
809,PGM-11,Miravalles,Miravalles,Costa Rica,"Yock, 1998",244,5.41,2433,293,0.06,60,4059,38,34
791,PGM-01,Miravalles,Miravalles,Costa Rica,"Yock, 1998",244,6.26,2442,308,0.08,62,4118,53,26
89,Well-8,,Reykjanes,Islandia,"Stefáns. y Arnórs., 2000",244,,10276,1585,1.327,1571,21045,,
470,Well 5,,Broadlands,Nueva Zelanda,"Ellis & Mahon, 1977",244,4.9,1400,146,,,1142,,1410
811,PGM-11,Miravalles,Miravalles,Costa Rica,"Yock, 1998",244.2,5.93,2485,301,0.07,62,4099,38,44
504,Well 20,,Wairakei,Nueva Zelanda,"Ellis & Mahon, 1977",245,13.8,1300,220,0.005,18,2215,35,
768,K03b,Krafla,Krafla,Islandia,"Ping et al, 1996",245,,196.8,31.8,0.01,1.7,37,139.4,
792,PGM-01,Miravalles,Miravalles,Costa Rica,"Yock, 1998",245,5.71,2535,323,0.04,68,4254,52,13
454,Wairakei 48,,,Nueva Zelanda,"Nieva y Nieva, 1987",245,,1200,200,0.05,17.5,,,
366,SV-1 well,,San Vicente field,El Salvador,"Aiuppa, 1997",245,,2520,370,1.9,160,4849,56.8,30.8
591,79-52,Reykjavík,"Námafjall, 8",Islandia ,"Arnórsson, 1995",246,,131,20.3,0.072,3.83,22.2,41.3,
39,Well-8,,Námafjall,Islandia,"Arnorsson, et.al., 1983 II",246,,154.8,24,0.085,4.52,16.6,48.7,
111,TT-13,,Takigami,Japón,"Furuya, et.al., 2000",246,2.8,514,93.3,0.1,14.2,758,108,36
579,TT-13,Takigami,Kyushu,Japón,"Furuya, et al., 2000",246,2.8,514,93.3,0.1,14.2,758,108,36
812,PGM-11,Miravalles,Miravalles,Costa Rica,"Yock, 1998",246.2,6.15,2464,288,0.06,67,4115,34,45
680,Well 27,,Wairakei,Nueva Zelanda,"Ellis & Mahon, 1977",247,13.2,1200,200,0.005,17.5,2156,25,
494,Well 12,,El Tatio,Chile,"Ellis & Mahon, 1977",247,45.1,4850,778,0.24,163,8450,62,69
309,Mofeta 1,,Phlegrean field,Italia,"Michard, 1989",247,,11793,1653,,,22130,,
810,PGM-11,Miravalles,Miravalles,Costa Rica,"Yock, 1998",247.5,6.69,2495,294,0.07,60,4098,44,38
794,PGM-01,Miravalles,Miravalles,Costa Rica,"Yock, 1998",248,5.03,2141,273,0.07,63,3615,34,19
231,Well #9,,Otake,Japón,"Kharaka y Mariner, 1989",248,5.2,936,131,0.19,12.3,1474,136,46
681,Well 28,,Wairakei,Nueva Zelanda,"Ellis & Mahon, 1977",249,13.4,1200,200,0.005,20,2170,27,
728,CL1-R143/93e,,"Sao Miguel, Azores",Portugal,Carvalho et al. 2006,249,,1473,218,0.007,0.54,1966,95,
260,Well #24,,Wairakei,Nueva Zelanda,"Kharaka y Mariner, 1989; Nieva y Nieva, 1987",250,13.2,1250,210,0.04,12,,,
484,Well 10,,Broadlands,Nueva Zelanda,"Ellis & Mahon, 1977",250,9.6,890,150,0.1,2.1,1262,6,
101,MV-10,,Miravalles,Costa Rica,"Giggenbach, 1988",250,,1750,216,0.11,59,2910,40,27
491,Well 7,,El Tatio,Chile,"Ellis & Mahon, 1977",250,45.2,4840,830,0.16,211,8790,30,40
156,TR-10,,Berlin field,El Salvador,"D'Amore y Mejía, 1999",250,,3104,496,0.27,253,5679,87.7,
48,11,,Fushime,Japón,"Okada, et.al., 2000",250,,9100,1520,1.4,1290,18400,31.4,
674,LV4,Las tres vírgenes,Las tres vírgenes,México,"Verma et al, 2005",250,,5500,1000,,,,,
551,TH1,,,,"Henley & Stew, 1983",252,,1202,210,0.35,27,2057,73,
487,Well 3,,El Tatio,Chile,"Ellis & Mahon, 1977",253,31.1,3512,168,2.08,268,6160,60,12
731,CL1-R145/93e,,"Sao Miguel, Azores",Portugal,Carvalho et al. 2006,253,,1606,225,,0.48,1941,93,
747,CL4-R263/94e,,"Sao Miguel, Azores",Portugal,Carvalho et al. 2006,254,,1636,245,0.007,1.54,2364,150,
553,TH2,,,,"Henley & Stew, 1983",254,,832,133,0.11,18,1387,90,
550,TH1,,,,"Henley & Stew, 1983",254,,1061,182,0.15,19,1819,60,
744,CL4-R257/94e,,"Sao Miguel, Azores",Portugal,Carvalho et al. 2006,254,,1576,255,,1.46,2189,145,
750,ZK4001,Yangbajing,Yangbajing,China,"Guo et al, 2007",255,25,709,135,0.13,2.1,1020,,
496,Well 17,,Kawerau,Nueva Zelanda,"Ellis & Mahon, 1977; Kharaka y Mariner, 1989; Fournier y Potter, 1979",256,5.3,688,119,0.32,2,1220,11,
520,PR-1,,"Primavera, Jalisco",México,"Villa, et al., 1987",256,,660,112,,,,,426
443,Broadlands 13,,,Nueva Zelanda,"Nieva y Nieva, 1987",258,,980,200,0.02,2.4,,,
498,Well 1,,Rotokaua,Nueva Zelanda,"Ellis & Mahon, 1977: Kharaka y Mariner, 1989",258,2.4,695,120,0.15,3.7,1100,46,
495,Well 7A,,Kawerau,Nueva Zelanda,"Ellis & Mahon, 1977",258,5.35,745,123,0.16,2.6,1234,9,
428,Krisuvik 6,,,Islandia,"Nieva y Nieva, 1987",258,,700,119,0.38,42.4,,,
448,Kawerau 17,,,Nueva Zelanda,"Nieva y Nieva, 1987",259,,688,119,0.32,2,,,
100,BR-11,,Broadlands,Nueva Zelanda,"Giggenbach, 1988",260,,675,130,0.011,1,964,41,376
453,Wairakei 44,,,Nueva Zelanda,"Nieva y Nieva, 1987",260,,1320,225,0.03,17,,,
75,Well 2,,Broadlands ,Nueva Zelanda,"Can, 2002",260,8,716,143,0.07,1.5,1188,5,87
483,Well 2,,Broadlands,Nueva Zelanda,"Ellis & Mahon, 1977",260,11.4,1075,222,0.08,2.9,1844,3.5,
228,Well #2,,Broadlands,Nueva Zelanda,"Kharaka y Mariner, 1989; Nieva y Nieva, 1987",260,11.7,1050,210,0.1,2.2,,,
584,54-3,,Utah,EU,"Christensen, et al., 1983",260,25.3,2320,461,2,8,3860,72,232
687,Well 2,,Orakeikorako,Nueva Zelanda,"Fournier, 1981",260,2.1,375,37,,,372,97,198
565,BA-3,,Baca,EU,"Grigsby, et al.,  1989",260,,1870,230,,17.2,3151,48,89
749,CL4-R266/94e,,"Sao Miguel, Azores",Portugal,Carvalho et al. 2006,261,,1688,250,0.007,1.83,2253,145,
566,BA-6,,Baca,EU,"Grigsby, et al.,  1989",261,,1850,235,,17.1,3128,48,90
446,Kawerau 7a,,,Nueva Zelanda,"Nieva y Nieva, 1987",262,,745,123,0.16,2.6,,,
257,Well #8,,Kawerau,Nueva Zelanda,"Kharaka y Mariner, 1989",262,5.5,740,130,0.39,1.1,1262,10.5,
138,A3,,Djibouti field,República de Djibouti,"D'Amore, et.al., 1998",265,31,37452,7273,37,23928,106000,32,66
300,Baca 13,,"Valles caldera, New Mex.",EU,"Michard, 1989",265,,1146,244,,3.5,1897,42,
733,CL1-R146/93e,,"Sao Miguel, Azores",Portugal,Carvalho et al. 2006,266,,1544,217,0.142,0.43,2027,97,
592,79-09,Reykjavík,"Reykjanes, 8",Islandia ,"Arnórsson, 1995",267,,9594,1480,1.24,1467,19648,24.4,
562,BA-7,,Baca,EU,"Grigsby, et al.,  1989",267,,1950,330,,13.6,3257,45,89
239,Utah State 14-2 Muestra 4,,"Roosevelt, UT",EU,"Capuano & Cole, 1982",268,,2200,410,0.08,6.9,3650,60,
236,Utah State 14-2 Muestra 1,,"Roosevelt, UT",EU,"Kharaka y Mariner, 1989",268,25,2070,384,0.28,11,,,
238,Utah State 14-2 Muestra 3,,"Roosevelt, UT",EU,"Capuano & Cole, 1982",268,,2150,390,0.6,9.2,3650,78,
582,14-2,,Utah,EU,"Christensen, et al., 1983",268,,2150,390,0.6,9.2,3650,78,
237,Utah State 14-2 Muestra 2,,"Roosevelt, UT",EU,"Capuano & Cole, 1982",268,28,2340,419,,6.8,,,
739,CL3-R269/94e,,"Sao Miguel, Azores",Portugal,Carvalho et al. 2006,269,,1725,265,0.007,0.59,2242,120,
370,Reykjanes 8,,,Islandia,"Fournier y Potter, 1979",270,,9854,1391,1.15,1531,,,
40,Well-5,,Nesjavellir,Islandia,"Arnorsson, et.al., 1983 III",271,,167,24.2,0.03,1.9,8.4,49.6,
694,La-8,,Aluto-Langano,Etiopía,"Kühn, 2004",271,,670,53,0.4,6,550,73,536
270,M-29,,Cerro Prieto,México,"Fausto, et.al., 1979",271,15.5,4828,849,0.85,314,8591,,41.8
474,Well 11,,Broadlands,Nueva Zelanda,"Ellis & Mahon, 1977",271,12.2,1020,218,0.92,7.3,1794,10,78
482,Well 19,,Broadlands,Nueva Zelanda,"Ellis & Mahon, 1977",272,11.8,950,206,0.05,2.5,1720,20.6,175
549,TH3,,,,"Henley & Stew, 1983",272,,833,159,0.47,16,1404,87,
469,Well 4,,Broadlands,Nueva Zelanda,"Ellis & Mahon, 1977",273,11.8,1075,218,0.02,3,1851,29,282
473,Well 8,,Broadlands,Nueva Zelanda,"Ellis & Mahon, 1977",273,11.4,975,232,0.1,3,1858,3.5,157
475,Well 12,,Broadlands,Nueva Zelanda,"Ellis & Mahon, 1977",274,10,1510,198,0.13,2.8,1546,25,1820
172,AZ-13,,Los Azufres,México,"Kruger, et.al., 1985",274,,1661,366,,9.3,2940,28.5,
741,CL3-R280/94e,,"Sao Miguel, Azores",Portugal,Carvalho et al. 2006,275,,1714,281,0.007,0.92,2612,143,
740,CL3-R276/94e,,"Sao Miguel, Azores",Portugal,Carvalho et al. 2006,275,,1633,263,0.014,0.81,2228,120,
449,Waitopau 6,,,Nueva Zelanda,"Nieva y Nieva, 1987",275,,860,155,0.06,10,,,
264,M-14,,Cerro Prieto,México,"Fausto, et.al., 1979",275,10.8,4500,828,1.1,247,8100,,48.7
476,Well 13,,Broadlands,Nueva Zelanda,"Ellis & Mahon, 1977",276,12.6,980,200,0.015,2.4,1668,6.5,162
38,Well-4,,Námafjall,Islandia,"Arnorsson, et.al., 1983 II",276,,158.6,25.5,0.046,2.81,16.3,42.2,
479,Well 16,,Broadlands,Nueva Zelanda,"Ellis & Mahon, 1977",277,6.2,570,85,7.46,8.55,528,45,555
684,Well 8,,Reykjanes,Islandia,"Fournier, 1981",277,,9610,1348,16,1530,19260,30.8,2670
441,Los Azufres A-2,,Los Azufres,México,"Nieva y Nieva, 1987",278,,1452,369.6,0.02,7.1,,,
445,Kawerau 7a,,,Nueva Zelanda,"Nieva y Nieva, 1987",278,,915,152,0.16,3.5,,,
467,Well 1,,Broadlands,Nueva Zelanda,"Ellis & Mahon, 1977",278,10.9,1065,152,,4.6,1701,43,230
560,BA-1,,Baca,EU,"Grigsby, et al.,  1989",278,,1550,255,,3.5,2501,49,221
472,Well 7,,Broadlands,Nueva Zelanda,"Ellis & Mahon, 1977",279,15,1300,234,0.013,1.4,1823,6,910
561,BA-4,,Baca,EU,"Grigsby, et al.,  1989",279,,1540,255,0.2,4.3,2594,47,236
129,A-16AD,,Los Azufres,México,"Ochoa y Meza, 1989",279.85,22,1815,395,0.032,45,3151.5,25,61
133,A-16AD,,Los Azufres,México,"Ochoa y Meza, 1989",279.85,16,1887.5,415,0.037,47.7,3320.5,30,54.9
132,A-16AD,,Los Azufres,México,"Ochoa y Meza, 1989",279.85,17.1,1900.7,421.9,0.037,49.6,3565,25.3,56.2
130,A-16AD,,Los Azufres,México,"Ochoa y Meza, 1989",279.85,23.2,1880,394,0.05,48.3,3309.2,25.9,59.8
135,A-18,,Los Azufres,México,"Ochoa & Meza, 1989",279.85,22.7,1911.5,476.6,0.066,34.5,3678,16.9,66
134,A-18,,Los Azufres,México,"Ochoa & Meza, 1989",279.85,29.5,1880,470,0.07,31.9,3369.6,21,96
136,A-18,,Los Azufres,México,"Ochoa & Meza, 1989",279.85,31.3,2000,500,0.08,28,3576,18.9,80.3
128,A-16AD,,Los Azufres,México,"Ochoa y Meza, 1989",279.85,20.3,1776,386.2,0.17,47.8,3219,25,88
131,A-16AD,,Los Azufres,México,"Ochoa y Meza, 1989",279.85,23.8,1838,420,0.31,53.5,3369.6,26.7,59.8
762,Hole 10,Broadlands,Broadlands,Nueva Zelanda,"Mahon & Finlayson, 1972",280,9.6,910,142.5,0.05,1.1,1244,11.5,134
442,Well 10,,Broadlands ,Nueva Zelanda,"Nieva y Nieva, 1987",280,9.5,910,142,0.05,1.1,1244,11.5,553
103,CP,,Cerro Prieto,México,"Giggenbach, 1988",280,,5600,1260,0.27,333,10500,14,40
47,10,,Fushime,Japón,"Okada, et.al., 2000",280,,13400,3120,2.6,2500,27100,40.8,
170,AZ-13,,Los Azufres,México,"Kruger, et.al., 1985",280,,1765,406,,13.4,3000,26.1,
229,Well #3,,Broadlands,Nueva Zelanda,"Kharaka y Mariner, 1989",281,12.2,1045,213,0.8,3,1801,6,174
141,A6,,Djibouti field,República de Djibouti,"D'Amore, et.al., 1998",281,17,39839,6250,34,20630,103000,12,76
274,M-42,,Cerro Prieto,México,"Fausto, et.al., 1979",282,13.1,4600,899,0.82,231,8265,,33.3
463,Reykjanes#8,,Reykjanes,Islandia,"Lippmann et al., 1999",283,,9630,1410,1,1550,18800,21,
447,Kawerau 8,,,Nueva Zelanda,"Nieva y Nieva, 1987",285,,883,156,0.13,1,,,
171,AZ-13,,Los Azufres,México,"Kruger, et.al., 1985",285,,1507,355,,12,2770,26.2,
628,Sinclair No.4,Salton Sea,"Salton Sea, California",EU,"Fournier, 1990",285,,64000,14700,,30400,,,
272,M-31,,Cerro Prieto,México,"Fausto, et.al., 1979",286,10.4,4051,823,0.15,218,7153,,35
169,AZ-13,,Los Azufres,México,"Kruger, et.al., 1985",286,,1586,365,,8.5,2850,42.6,
468,Well 2,,Broadlands,Nueva Zelanda,"Ellis & Mahon, 1977",287,11.7,1050,224,0.08,2.2,1743,8,178
525,PR-8,,"Primavera, Jalisco",México,"Villa, et al., 1987",287,,824,159,,,,,419
268,M-26,,Cerro Prieto,México,"Fausto, et.al., 1979",287,7.6,3279,673,,239,6261,,39.3
176,AZ-19,,Los Azufres,México,"Kruger, et.al., 1985",288,,1445,343,,8.1,2610,26.5,
151,TR-2,,Berlin field,El Salvador,"D'Amore y Mejía, 1999",289,,2900,622,0.18,37,5352,24,
177,AZ-19,,Los Azufres,México,"Kruger, et.al., 1985",289,,1580,357,,5.3,2800,28.5,
769,K11a,Krafla,Krafla,Islandia,"Ping et al, 1996",290,,187.4,25.4,0.001,1.5,46.6,124.2,
288,83-013,,Nesjavellir,Islandia,"Arnórsson y Gunnl., 1985",290,,141.3,28.2,0.005,0.29,12.8,9.7,
62,T-13,,Uenotai,Japón,"Takeno, 2000",290,,437,54.4,0.02,4.71,665,126,46
68,KT-45,,Uenotai,Japón,"Can, 2002",290,,214,42.9,0.03,0.36,278,2.5,0
61,KT-1,,Uenotai,Japón,"Can, 2002",290,,360,64.2,0.04,3.09,464,108,360
63,T-27,,Uenotai,Japón,"Takeno, 2000",290,,425,50.1,0.08,4.96,464,101,94
481,Well 18,,Broadlands,Nueva Zelanda,"Ellis & Mahon, 1977",290,11.2,1110,237,0.18,9,1985,4,250
262,M8+46,,Cerro Prieto,México,"Fausto, et.al., 1979",290,11.2,3750,816,0.26,193,6873,,44.5
46,9,,Fushime,Japón,"Okada, et.al., 2000",290,,10100,2090,2.9,1270,20700,22.5,
413,Geot. well (target: N1S2),,Nisyros,Grecia,"Kavouridis, et.al., 1999",290,,21610,2870,78,7340,50390,25,20
173,AZ-13,,Los Azufres,México,"Kruger, et.al., 1985",290,,1572,394,,12.8,2840,28,
480,Well 17,,Broadlands,Nueva Zelanda,"Ellis & Mahon, 1977",291,10,1000,224,0.007,4.82,1778,5.5,115
266,M-21A,,Cerro Prieto,México,"Fausto, et.al., 1979",291,16.5,4250,900,0.52,306,8047,,42.9
742,CL3-R286/94e,,"Sao Miguel, Azores",Portugal,Carvalho et al. 2006,291,,1547,272,,0.67,2189,117,
137,A-26,,Los Azufres,México,"Ochoa & Meza, 1989",291.85,29,1842,447,0.037,23.7,3263,84.4,30
685,Well M-26,,Cerro Prieto,México,"Fournier, 1981",292,14.5,6382,1551,0.6,592,11918,,28
32,Well-8,,Reykjanes,Islandia,"Arnorsson, et.al., 1983 II",292,,11150,1720,1.44,1705,22835,28.4,
269,M-27,,Cerro Prieto,México,"Fausto, et.al., 1979",293,7.6,3568,766,0.18,198,6613,,46
230,Well #9,,Broadlands,Nueva Zelanda,"Kharaka y Mariner, 1989",294,12.7,930,203,0.35,2,1709,4,134
558,BA-2,,Baca,EU,"Grigsby, et al.,  1989",294,,1570,285,,3.6,2640,49,215
175,AZ-19,,Los Azufres,México,"Kruger, et.al., 1985",294,,1633,387,,7.4,2880,29.1,
165,AZ-5,,Los Azufres,México,"Kruger, et.al., 1985",294,,1675,399,,8.8,2920,16.6,
293,81-035,,Krafla,Islandia,"Arnórsson y Gunnl., 1985",295,,146.2,32.4,0.002,0.32,68.2,13.5,
102,ZQ-3,,Zunil,Guatemala,"Giggenbach, 1988",295,,933,231,0.012,15,1810,31,51
72,KT-51,,Uenotai,Japón,"Can, 2002",295,,240,46.8,0.11,0.57,326,7.8,128
155,TR-9,,Berlin field,El Salvador,"D'Amore y Mejía, 1999",295,,3201,731,0.15,6,5659,4.5,
227,Well #5 (666),,Cerro Prieto,México,"Kharaka y Mariner, 1989",295,22.9,8000,1900,0.5,505,,,
67,T-44,,Uenotai,Japón,"Takeno, 2000",295,,67,23.5,0.79,19.1,15.6,135,56
461,Well Rn-9,,Reykjanes,Islandia,"Mungania, 1993",295,,9120,1387,0.87,1475,17634,17.8,
629,Commercial No.10,Salton Sea,"Salton Sea, California",EU,"Fournier, 1990",295,,41400,11800,,20900,,,
152,TR-3,,Berlin field,El Salvador,"D'Amore y Mejía, 1999",296,,4942,975,0.15,201,8539,11.4,
265,M-19A,,Cerro Prieto,México,"Fausto, et.al., 1979",297,15.7,5244,1172,0.24,301,9557,,38.4
298,Well TR2,,,El Salvador,"Campos, 1988",297,,3750,835,0.43,67,6777,13,22
477,Well 14,,Broadlands,Nueva Zelanda,"Ellis & Mahon, 1977",297,10.5,880,175,0.7,2,1482,6,218
559,BA-5,,Baca,EU,"Grigsby, et al.,  1989",297,,1560,280,,3.7,2670,49,190
271,M-30,,Cerro Prieto,México,"Fausto, et.al., 1979",297,13.2,4990,1110,,324,9179,,37.7
621,EQ3/6 (12),Latera,Latera,Italia,"Gianelli, et al.,  1989",298,,1008,252,0.03,116,2750,249,
478,Well 15,,Broadlands,Nueva Zelanda,"Ellis & Mahon, 1977",298,11.5,1060,207,0.13,5.7,1750,7.1,310
153,TR-4,,Berlin field,El Salvador,"D'Amore y Mejía, 1999",298,,1650,246,0.43,28,2867,89.7,
438,Cerro Prieto 5,,Cerro prieto,México,"Nieva y Nieva, 1987",299,,8487,1969,0.24,403,,,
261,M-5,,Cerro Prieto,México,"Fausto, et.al., 1979",299,12.3,4880,1087,0.29,256,8945,,38.5
122,A-13,,Los Azufres,México,"Ochoa y Meza, 1989",299.85,28.5,1611,418,0.016,7.5,2913,30,77
126,A-13,,Los Azufres,México,"Ochoa y Meza, 1989",299.85,30,1550,410,0.018,8.2,3106,27.6,66
127,A-13,,Los Azufres,México,"Ochoa y Meza, 1989",299.85,31.5,1725,400,0.022,8.4,2759,28.6,70.7
125,A-13,,Los Azufres,México,"Ochoa y Meza, 1989",299.85,17,1725,395,0.024,7.2,2928.1,34.5,74.4
115,A-5,,Los Azufres,México,"Ochoa y Meza, 1989",299.85,30.5,1656,457,0.025,7.2,3072,18.7,31.7
124,A-13,,Los Azufres,México,"Ochoa y Meza, 1989",299.85,21,1481,422.8,0.027,7.2,2808.2,26.5,75.7
123,A-13,,Los Azufres,México,"Ochoa y Meza, 1989",299.85,29.5,1578,410,0.03,10,2874.4,28.7,82.4
116,A-5,,Los Azufres,México,"Ochoa y Meza, 1989",299.85,28.3,1644,470,0.03,8.9,3067,18.4,32.9
118,A-5,,Los Azufres,México,"Ochoa y Meza, 1989",299.85,19,1700,435,0.036,5.2,3092.7,24,29.3
117,A-5,,Los Azufres,México,"Ochoa y Meza, 1989",299.85,23,1541,445.2,0.037,5.6,2979.5,19.3,7.3
121,A-13,,Los Azufres,México,"Ochoa y Meza, 1989",299.85,28.5,1596,428,0.06,10.2,2837,24.8,88
114,A-5,,Los Azufres,México,"Ochoa y Meza, 1989",299.85,28.5,1570,465,0.13,7.1,2925,14.4,44
90,Well-13,,Nesjavellir,Islandia,"Stefáns. y Arnórs., 2000",300,,98.5,22.5,0.002,0.08,84,1.8,
42,Well-9,,Krafla,Islandia,"Arnorsson, et.al., 1983 III",300,,187.4,26.6,0.004,0.5,21.1,102.7,
294,81-036,,Krafla,Islandia,"Arnórsson y Gunnl., 1985",300,,142.6,30.7,0.006,0.51,48.2,39.4,
594,88-42,Reykjavík,"Krafla, 16",Islandia ,"Arnórsson, 1995",300,,150,30.1,0.01,0.08,39,10.1,
593,81-20,Reykjavík,"Krafla, 6",Islandia ,"Arnórsson, 1995",300,,105,20.9,0.011,1.07,223.4,67.6,
290,81-020,,Krafla,Islandia,"Arnórsson y Gunnl., 1985",300,,165.8,33.04,0.017,1.68,20.9,106.5,
64,KT-34,,Uenotai,Japón,"Can, 2002",300,,200,43.4,0.04,0.51,240,21,140
619,EQ3/6 (10),Latera,Latera,Italia,"Gianelli, et al.,  1989",300,,2370,221,0.06,11.2,3230,206,
233,Well #1,,Hatchobaru,Japón,"Kharaka y Mariner, 1989",300,11.1,1396,289,0.158,9.9,,,
267,M-25,,Cerro Prieto,México,"Fausto, et.al., 1979",300,14.2,4767,1092,0.21,260,8856,,38.9
462,CP M-5,,Cerro prieto,México,"Lippmann et al., 1999",300,,5000,1200,0.33,284,9370,3.6,
44,S-4,,Sumikawa,Japón,"Ariki, et.al., 2000",300,,290,62,0.48,0.41,463,82.5,42.9
52,18,,Fushime,Japón,"Okada, et.al., 2000",300,,11500,2480,2.6,1970,24100,28.2,
43,SA-1,,Sumikawa,Japón,"Ariki, et.al., 2000",300,,370,86.4,4.7,1.2,593,67.5,14.4
45,7,,Fushime,Japón,"Okada, et.al., 2000",300,,19100,5340,9.8,2310,38600,49.8,
235,Well #2,,"Salton Sea, CA",EU,"Kharaka y Mariner, 1989",300,210,53000,16500,10,28800,,,
166,AZ-5,,Los Azufres,México,"Kruger, et.al., 1985",300,,1656,430,,9.1,3070,19.3,
630,Commercial No. 11b,Salton Sea,"Salton Sea, California",EU,"Fournier, 1990",300,,46200,12500,,22800,,,
633,State No.1,Salton Sea,"Salton Sea, California",EU,"Fournier, 1990",300,,47000,14000,,21200,,,
631,Hudson No.1a,Salton Sea,"Salton Sea, California",EU,"Fournier, 1990",300,,60000,20300,,30400,,,
632,Hudson No.1b,Salton Sea,"Salton Sea, California",EU,"Fournier, 1990",300,,68925,20300,,30400,,,
273,M-35,,Cerro Prieto,México,"Fausto, et.al., 1979",302,11.7,4128,960,0.14,194,7463,,33.6
263,M-11,,Cerro Prieto,México,"Fausto, et.al., 1979",302,15.9,5040,1170,0.21,271,9252,,35
178,AZ-19,,Los Azufres,México,"Kruger, et.al., 1985",302,,1537,412,,8.1,2710,25.3,
546,OK-7,,Okoy Valley,Filipinas,"Hochstein, 1988",303,,3500,867,0.17,139,,,
167,AZ-5,,Los Azufres,México,"Kruger, et.al., 1985",303,,1741,429,,3.6,3150,21.5,
154,TR-5,,Berlin field,El Salvador,"D'Amore y Mejía, 1999",305,,2695,711,0.04,5,4914,8.9,
65,T-41,,Uenotai,Japón,"Takeno, 2000",305,,251,38.3,3.94,12.7,151,130,60
168,AZ-5,,Los Azufres,México,"Kruger, et.al., 1985",305,,1680,451,,10,3030,21.8,
775,MF-1,Campi Flegrei,Mofete,Italia,"Caprarelli et al, 1997",305,,12589,2342,,1281,22810,,
636,State 2-14 (1985),Salton Sea,"Salton Sea, California",EU,"Fournier, 1990",305,,50900,16700,,31900,,,
634,Sportsman No.1a,Salton Sea,"Salton Sea, California",EU,"Fournier, 1990",305,,70000,24000,,34470,,,
635,Sportsman No.1b,Salton Sea,"Salton Sea, California",EU,"Fournier, 1990",305,,77000,24000,,34470,,,
521,PR-1,,"Primavera, Jalisco",México,"Villa, et al., 1987",308,,740,140,,,,,140
770,KJ-14,Krafla,Krafla,Islandia,"Ping et al, 1996",310,,163.4,32.7,0.032,0.47,69.4,3.68,
276,M-50,,Cerro Prieto,México,"Fausto, et.al., 1979",310,11.8,4008,1000,0.07,164,7273,1.9,46.9
69,T-46,,Uenotai,Japón,"Takeno, 2000",310,,671,126,0.47,1.78,779,232,41
70,T-49,,Uenotai,Japón,"Takeno, 2000",310,,620,124,1.6,9.3,885,46,118
595,87-24,Reykjavík,"Nesajvellir, 13",Islandia ,"Arnórsson, 1995",312,,79.1,18.8,0.175,0.78,68,3.67,
174,AZ-19,,Los Azufres,México,"Kruger, et.al., 1985",312,,1724,479,,5.8,3150,27.5,
164,AZ-5,,Los Azufres,México,"Kruger, et.al., 1985",314,,1948,558,,7.4,3590,29,
439,Cerro Prieto 51,,Cerro prieto,México,"Nieva y Nieva, 1987",315,,5199,1551,0.06,208,,,
281,M-91,,Cerro Prieto,México,"Fausto, et.al., 1979",315,15.3,5472,1422,0.09,332,10142,3,23.5
690,La-3,,Aluto-Langano,Etiopía,"Kühn, 2004",315,,675,157,0.1,1,310,282,830
66,KT-42,,Uenotai,Japón,"Can, 2002",315,,247,58.8,0.13,1.21,367,76,36
547,LA-3,,Aluto,Etiopía,"Hochstein, 1988",315,,650,150,0.25,4,,,
776,MF-2,Campi Flegrei,Mofete,Italia,"Caprarelli et al, 1997",315,,5090,1180,,480,10200,,
282,M-105,,Cerro Prieto,México,"Fausto, et.al., 1979",318,17.1,6267,1660,0.25,299,11932,2.5,14.3
596,88-52,Reykjavík,"Námafjall, 11",Islandia ,"Arnórsson, 1995",320,,76.2,6.36,0.001,0.06,18.8,30.7,
289,81-022,,Námafjall,Islandia,"Arnórsson y Gunnl., 1985",320,,89.2,16.98,0.021,0.39,28.9,22,
49,12,,Fushime,Japón,"Okada, et.al., 2000",320,,13400,4130,2.1,1500,27800,22.1,
638,I.I.D. No.2,Salton Sea,"Salton Sea, California",EU,"Fournier, 1990",320,,53000,16500,,27800,,,
640,State 2-14 (1988),Salton Sea,"Salton Sea, California",EU,"Fournier, 1990",320,,53700,17100,,26300,,,
639,River Ranch No.1,Salton Sea,"Salton Sea, California",EU,"Fournier, 1990",320,,74700,21900,,39700,,,
120,A-9,,Los Azufres,México,"Ochoa y Meza, 1989",323.85,35,1950,570,0.041,7.3,4021,12,44.8
119,A-9,,Los Azufres,México,"Ochoa y Meza, 1989",323.85,33,2000,630,0.041,7.3,3918,14.6,56.1
277,M-51,,Cerro Prieto,México,"Fausto, et.al., 1979",324,11.2,4599,1278,0.09,224,8733,1.9,28.9
292,81-033,,Krafla,Islandia,"Arnórsson y Gunnl., 1985",325,,223.6,46.2,0.002,1.72,24,182.6,
563,BA-8,,Baca,EU,"Grigsby, et al.,  1989",326,,1910,350,,14.2,3302,37,75
275,M-45,,Cerro Prieto,México,"Fausto, et.al., 1979",327,13.8,5094,1449,0.2,243,9525,,25.1
104,TO,,Tongonan,Filipinas,"Giggenbach, 1988",330,,3580,1090,0.2,128,6780,16,12
544,209 A,,Bao  Valley,Filipinas,"Hochstein, 1988",330,,6274,1831,0.4,182,,,
105,SS,,Salton sea,EU,"Giggenbach, 1988",330,,38400,13400,10,22010,118400,4,140
50,16,,Fushime,Japón,"Okada, et.al., 2000",330,,18100,5200,13.3,2000,35600,36.5,
51,17,,Fushime,Japón,"Okada, et.al., 2000",330,,15100,4850,14,1490,31100,54.1,
641,State 2-14 (1986),Salton Sea,"Salton Sea, California",EU,"Fournier, 1990",330,,54800,17700,,28500,,,
693,La-6,,Aluto-Langano,Etiopía,"Kühn, 2004",335,,934,150,0.2,6,454,204,1442
71,T-50,,Uenotai,Japón,"Takeno, 2000",335,,1048,21.3,0.35,2.24,307,54,1436
278,M-53,,Cerro Prieto,México,"Fausto, et.al., 1979",339,14.9,4639,1446,0.13,190,8508,,23.9
597,88-44,Reykjavík,"Krafla, 14",Islandia ,"Arnórsson, 1995",340,,111,20.2,0.04,0.14,48.8,11.8,
37,Well-7,,Krafla,Islandia,"Arnorsson, et.al., 1983 II",340,,193,36,0.067,1.9,52,143,
279,M-84,,Cerro Prieto,México,"Fausto, et.al., 1979",340,13.5,5010,1573,0.3,242,9994,1.5,16.4
234,I.I.D. No.1,,"Salton Sea, CA",EU,"Fournier, 1990; Kharaka y Mariner, 1989; Fournier y Potter, 1979",340,215,50400,17500,54,28000,155000,5,
642,Elmore No.1,Salton Sea,"Salton Sea, California",EU,"Fournier, 1990",340,,62800,20800,,31500,,,
440,Cerro Prieto 53,,Cerro prieto,México,"Nieva y Nieva, 1987",343,,5405,1956,0.07,333,,,
139,A4,,Djibouti field,República de Djibouti,"D'Amore, et.al., 1998",344,33,13000,500,1500,400,20000,2500,102
280,M-90,,Cerro Prieto,México,"Fausto, et.al., 1979",345,11.7,3905,1016,0.04,147,7179,5.1,37.9
466,Well 8,,Cerro prieto,México,"Ellis & Mahon, 1977",350,15.5,6429,1176,18.6,347,11735,15,303
302,SS-12,,"Salton sea, California",EU,"Michard, 1989",351,,60500,18800,,31100,164900,6,
140,A5,,Djibouti field,República de Djibouti,"D'Amore, et.al., 1998",359,,42000,6000,700,8532,52000,447,38
